batch_key,campaign_external_id,queued_at_utc,recipient_count,status
BATCH-0006,KIL-0009,2026-03-16T06:15:00Z,12040,sent
BATCH-0003,KIL-0007,2026-03-13T03:15:00Z,31205,sent
BATCH-0005,KIL-0031,2026-03-15T05:15:00Z,41660,sent
BATCH-0001,KIL-0012,2026-03-11T01:15:00Z,18204,sent
BATCH-0003,KIL-0007,2026-03-13T03:15:00Z,31205,sent
BATCH-0003,KIL-0007,2026-03-13T03:15:00Z,31205,sent
BATCH-0004,KIL-0021,2026-03-14T04:15:00Z,11650,sent
BATCH-0002,KIL-0044,2026-03-12T02:15:00Z,64874,sent
BATCH-0007,KIL-0016,2026-03-17T07:15:00Z,9800,sent
