event_id;external_contact_id;campaign_external_id;event_type;channel;occurred_at_utc
EV-00000549;CT-000324;MAR-0008;open;email;2026-03-08T17:29:18.080024Z
EV-00000373;CT-000571;MAR-0015;click;email;2026-03-03T16:49:22.176418Z
EV-00000882;CT-000167;MAR-0009;complaint;email;2026-03-04T19:38:45.111255Z
EV-00000102;CT-000067;MAR-0003;unsubscribe;sms;2026-03-22T05:17:51.794981Z
EV-00000211;CT-000121;MAR-0003;click;email;2026-03-16T09:44:43.339904Z
EV-00000421;CT-000247;MAR-0006;unsubscribe;sms;2026-03-21T10:43:39.217583Z
EV-00000696;CT-000347;MAR-0007;complaint;email;2026-03-11T19:40:17.630751Z
EV-00000176;CT-000865;MAR-0009;bounce;sms;2026-04-04T06:41:33.288915Z
EV-00000110;CT-000170;MAR-0009;complaint;sms;2026-03-25T05:02:32.720559Z
EV-00000330;CT-000212;MAR-0016;click;email;2026-04-04T03:13:35.741605Z
EV-00000237;CT-000412;MAR-0012;unsubscribe;sms;2026-03-09T00:55:18.796599Z
EV-00000386;CT-000373;MAR-0012;open;sms;2026-03-24T09:24:17.644392Z
EV-00000395;CT-000736;MAR-0003;complaint;email;2026-03-19T22:25:31.026839Z
EV-00000638;CT-000812;MAR-0017;open;sms;2026-04-04T23:56:38.642823Z
EV-00000920;CT-000443;MAR-0008;unsubscribe;email;2026-03-15T10:14:27.365946Z
EV-00000350;CT-000304;MAR-0006;open;email;2026-04-03T00:55:34.256403Z
EV-00000306;CT-000779;MAR-0017;bounce;email;2026-03-06T17:15:10.412562Z
EV-00000836;CT-000040;MAR-0018;click;email;2026-03-18T00:51:18.659932Z
EV-00000071;CT-000229;MAR-0002;open;email;2026-03-13T18:41:14.143978Z
EV-00000140;CT-000648;MAR-0014;unsubscribe;sms;2026-04-02T06:48:17.286459Z
EV-00000057;CT-000744;MAR-0010;open;sms;2026-03-26T02:59:44.733178Z
EV-00000063;CT-000281;MAR-0018;open;email;2026-03-22T05:53:21.704410Z
EV-00000322;CT-000355;MAR-0012;bounce;sms;2026-03-15T14:42:08.328501Z
EV-00000725;CT-000387;MAR-0014;complaint;email;2026-04-01T13:39:01.025575Z
EV-00000059;CT-000398;MAR-0007;open;email;2026-03-21T18:31:34.085368Z
EV-00000908;CT-000199;MAR-0003;complaint;email;2026-03-05T01:23:57.939614Z
EV-00000267;CT-000077;MAR-0002;click;sms;2026-03-02T13:56:24.237465Z
EV-00000328;CT-000773;MAR-0005;bounce;sms;2026-03-20T17:17:19.241058Z
EV-00000463;CT-000481;MAR-0016;bounce;sms;2026-03-16T22:31:22.282562Z
EV-00000760;CT-000101;MAR-0004;bounce;sms;2026-04-02T18:36:21.124441Z
EV-00000524;CT-000627;MAR-0006;bounce;email;2026-03-13T15:39:22.450052Z
EV-00000591;CT-000762;MAR-0002;complaint;sms;2026-03-25T23:03:02.946355Z
EV-00000516;CT-000632;MAR-0015;unsubscribe;sms;2026-03-01T21:59:34.950663Z
EV-00000784;CT-000137;MAR-0004;click;email;2026-03-04T21:59:48.940201Z
EV-00000092;CT-000507;MAR-0012;complaint;email;2026-04-01T01:18:28.060458Z
EV-00000507;CT-000588;MAR-0007;unsubscribe;email;2026-03-08T21:30:47.518216Z
EV-00000819;CT-000449;MAR-0002;open;email;2026-04-04T20:01:40.931543Z
EV-00000383;CT-000034;MAR-0018;unsubscribe;email;2026-03-27T17:37:20.839897Z
EV-00000759;CT-000191;MAR-0001;bounce;sms;2026-03-08T08:28:04.007385Z
EV-00000054;CT-000699;MAR-0011;bounce;email;2026-04-04T09:18:40.866096Z
EV-00000138;CT-000737;MAR-0009;unsubscribe;sms;2026-03-30T05:57:55.526885Z
EV-00000789;CT-000525;MAR-0013;complaint;sms;2026-03-04T02:00:32.711440Z
EV-00000161;CT-000823;MAR-0006;bounce;email;2026-03-07T21:45:52.070012Z
EV-00000266;CT-000644;MAR-0009;bounce;sms;2026-03-26T15:33:24.956494Z
EV-00000560;CT-000862;MAR-0013;click;email;2026-03-24T19:24:26.855669Z
EV-00000488;CT-000542;MAR-0005;open;email;2026-03-07T09:37:59.821579Z
EV-00000370;CT-000622;MAR-0017;unsubscribe;sms;2026-03-10T03:13:31.453318Z
EV-00000122;CT-000322;MAR-0007;unsubscribe;sms;2026-03-14T12:19:41.380371Z
EV-00000174;CT-000739;MAR-0018;bounce;email;2026-04-02T11:54:18.359289Z
EV-00000394;CT-000085;MAR-0014;complaint;sms;2026-03-17T04:34:45.390082Z
EV-00000662;CT-000675;MAR-0001;bounce;sms;2026-03-30T04:38:10.230944Z
EV-00000382;CT-000399;MAR-0017;complaint;email;2026-03-14T21:18:39.695979Z
EV-00000741;CT-000326;MAR-0007;unsubscribe;sms;2026-04-01T04:55:09.192854Z
EV-00000345;CT-000761;MAR-0010;click;sms;2026-03-22T07:10:33.632238Z
EV-00000239;CT-000540;MAR-0018;complaint;sms;2026-03-21T07:34:41.767147Z
EV-00000606;CT-000572;MAR-0010;bounce;sms;2026-04-02T17:32:12.835014Z
EV-00000642;CT-000510;MAR-0009;open;sms;2026-03-22T01:40:08.998282Z
EV-00000200;CT-000453;MAR-0016;complaint;email;2026-03-28T00:30:26.747792Z
EV-00000896;CT-000776;MAR-0003;open;sms;2026-03-01T10:25:18.732618Z
EV-00000527;CT-000182;MAR-0009;click;email;2026-03-30T10:52:02.223192Z
EV-00000469;CT-000611;MAR-0004;click;email;2026-03-11T08:39:31.195230Z
EV-00000336;CT-000690;MAR-0018;unsubscribe;email;2026-03-14T02:37:33.893325Z
EV-00000522;CT-000472;MAR-0013;complaint;email;2026-03-26T14:53:29.552135Z
EV-00000584;CT-000272;MAR-0013;bounce;email;2026-03-05T20:42:33.466093Z
EV-00000714;CT-000038;MAR-0011;open;email;2026-03-18T15:36:00.285189Z
EV-00000693;CT-000646;MAR-0006;click;email;2026-03-28T10:43:22.188020Z
EV-00000474;CT-000898;MAR-0018;complaint;sms;2026-03-26T11:47:02.503286Z
EV-00000475;CT-000193;MAR-0004;unsubscribe;email;2026-03-11T05:53:59.480575Z
EV-00000723;CT-000583;MAR-0010;unsubscribe;sms;2026-03-03T17:43:19.665098Z
EV-00000337;CT-000483;MAR-0018;bounce;email;2026-03-09T01:56:35.090605Z
EV-00000718;CT-000501;MAR-0011;complaint;sms;2026-03-10T22:11:46.624115Z
EV-00000189;CT-000534;MAR-0015;complaint;email;2026-03-10T00:57:19.269786Z
EV-00000047;CT-000701;MAR-0002;complaint;sms;2026-04-01T08:59:24.659605Z
EV-00000101;CT-000788;MAR-0004;complaint;email;2026-03-16T09:26:57.985708Z
EV-00000321;CT-000119;MAR-0005;unsubscribe;email;2026-03-31T04:29:25.285532Z
EV-00000793;CT-000891;MAR-0010;click;email;2026-04-04T04:28:39.328576Z
EV-00000178;CT-000415;MAR-0004;complaint;sms;2026-03-02T19:31:41.613861Z
EV-00000468;CT-000115;MAR-0015;click;sms;2026-03-13T18:56:52.266036Z
EV-00000639;CT-000056;MAR-0011;click;sms;2026-03-24T11:32:32.107142Z
EV-00000596;CT-000734;MAR-0006;complaint;sms;2026-03-08T06:36:16.493824Z
EV-00000460;CT-000236;MAR-0005;click;email;2026-03-02T10:55:20.631193Z
EV-00000087;CT-000133;MAR-0002;open;email;2026-03-22T16:21:27.291836Z
EV-00000407;CT-000194;MAR-0005;bounce;sms;2026-03-27T05:41:56.451746Z
EV-00000194;CT-000624;MAR-0002;complaint;email;2026-04-04T20:20:25.765589Z
EV-00000299;CT-000002;MAR-0004;complaint;sms;2026-03-18T02:53:41.043560Z
EV-00000252;CT-000585;MAR-0014;complaint;email;2026-03-21T22:41:39.402332Z
EV-00000932;CT-000786;MAR-0018;unsubscribe;sms;2026-03-08T14:24:46.697958Z
EV-00000505;CT-000219;MAR-0014;complaint;sms;2026-03-18T20:24:49.753952Z
EV-00000347;CT-000268;MAR-0011;bounce;sms;2026-03-18T19:52:11.743693Z
EV-00000643;CT-000148;MAR-0005;click;email;2026-03-05T15:07:02.598842Z
EV-00000894;CT-000157;MAR-0011;open;sms;2026-03-25T22:21:30.832844Z
EV-00000230;CT-000812;MAR-0009;bounce;sms;2026-03-13T21:28:13.228372Z
EV-00000133;CT-000392;MAR-0007;complaint;sms;2026-03-09T06:14:33.838904Z
EV-00000417;CT-000520;MAR-0018;complaint;email;2026-03-05T01:44:57.778223Z
EV-00000546;CT-000134;MAR-0015;click;email;2026-03-05T00:37:31.708437Z
EV-00000839;CT-000328;MAR-0005;complaint;sms;2026-03-14T01:01:44.663546Z
EV-00000906;CT-000795;MAR-0012;unsubscribe;email;2026-03-06T14:36:27.900460Z
EV-00000551;CT-000272;MAR-0012;unsubscribe;sms;2026-03-28T16:14:03.334528Z
EV-00000496;CT-000233;MAR-0015;click;sms;2026-04-04T17:50:49.229192Z
EV-00000761;CT-000037;MAR-0005;bounce;email;2026-03-19T21:27:35.755381Z
EV-00000511;CT-000026;MAR-0017;bounce;email;2026-03-05T14:46:48.736685Z
EV-00000126;CT-000275;MAR-0004;complaint;sms;2026-03-25T23:31:38.593062Z
EV-00000904;CT-000560;MAR-0005;bounce;sms;2026-03-26T16:44:48.046686Z
EV-00000403;CT-000090;MAR-0017;bounce;email;2026-03-03T02:31:40.842991Z
EV-00000310;CT-000395;MAR-0014;unsubscribe;email;2026-03-20T21:23:26.577021Z
EV-00000384;CT-000883;MAR-0010;click;email;2026-03-24T03:52:10.514404Z
EV-00000119;CT-000485;MAR-0006;open;sms;2026-03-20T15:44:57.903724Z
EV-00000449;CT-000206;MAR-0012;complaint;sms;2026-03-19T17:52:33.572062Z
EV-00000785;CT-000541;MAR-0013;open;sms;2026-03-09T21:26:00.410518Z
EV-00000835;CT-000041;MAR-0010;open;email;2026-03-22T23:38:02.568136Z
EV-00000085;CT-000516;MAR-0001;bounce;email;2026-03-03T16:46:28.937771Z
EV-00000647;CT-000760;MAR-0001;click;sms;2026-03-08T15:09:28.272047Z
EV-00000362;CT-000523;MAR-0017;bounce;sms;2026-03-05T03:09:51.727534Z
EV-00000462;CT-000840;MAR-0007;unsubscribe;email;2026-03-13T08:17:04.467188Z
EV-00000326;CT-000135;MAR-0015;complaint;sms;2026-03-26T04:40:40.878025Z
EV-00000601;CT-000158;MAR-0008;complaint;sms;2026-03-05T17:48:00.553515Z
EV-00000595;CT-000202;MAR-0012;open;sms;2026-03-04T21:22:56.857584Z
EV-00000132;CT-000254;MAR-0007;unsubscribe;sms;2026-03-05T22:56:32.456734Z
EV-00000750;CT-000024;MAR-0014;bounce;email;2026-03-04T23:00:34.936486Z
EV-00000671;CT-000781;MAR-0008;click;email;2026-03-02T22:42:28.968312Z
EV-00000480;CT-000670;MAR-0003;click;sms;2026-03-11T19:50:28.543651Z
EV-00000410;CT-000799;MAR-0009;complaint;email;2026-03-01T09:13:56.188559Z
EV-00000740;CT-000632;MAR-0009;bounce;sms;2026-03-20T03:09:25.197672Z
EV-00000231;CT-000105;MAR-0017;unsubscribe;sms;2026-03-09T07:06:09.152771Z
EV-00000112;CT-000716;MAR-0004;unsubscribe;sms;2026-04-03T06:26:43.182020Z
EV-00000873;CT-000372;MAR-0005;bounce;email;2026-03-02T07:34:16.735795Z
EV-00000343;CT-000350;MAR-0018;unsubscribe;email;2026-03-29T21:43:56.613746Z
EV-00000349;CT-000762;MAR-0018;unsubscribe;sms;2026-03-20T13:27:44.478243Z
EV-00000005;CT-000371;MAR-0013;unsubscribe;sms;2026-03-31T18:00:26.765970Z
EV-00000423;CT-000742;MAR-0002;click;sms;2026-03-03T09:44:12.994671Z
EV-00000121;CT-000337;MAR-0016;open;sms;2026-04-03T07:10:20.549663Z
EV-00000060;CT-000405;MAR-0016;click;sms;2026-04-01T18:30:09.603581Z
EV-00000251;CT-000676;MAR-0001;complaint;sms;2026-03-04T22:25:14.196615Z
EV-00000062;CT-000828;MAR-0003;click;email;2026-03-01T22:59:44.102067Z
EV-00000872;CT-000390;MAR-0004;unsubscribe;sms;2026-03-24T08:30:47.983669Z
EV-00000078;CT-000340;MAR-0014;click;email;2026-04-03T14:49:54.867495Z
EV-00000329;CT-000420;MAR-0015;unsubscribe;email;2026-03-13T04:34:12.300689Z
EV-00000363;CT-000580;MAR-0008;click;sms;2026-03-28T06:48:59.539620Z
EV-00000221;CT-000262;MAR-0014;unsubscribe;sms;2026-04-02T11:29:33.213671Z
EV-00000213;CT-000287;MAR-0003;unsubscribe;sms;2026-03-19T16:15:46.669406Z
EV-00000479;CT-000779;MAR-0003;open;sms;2026-03-12T02:40:20.550267Z
EV-00000722;CT-000774;MAR-0005;complaint;sms;2026-03-01T15:45:32.178050Z
EV-00000847;CT-000718;MAR-0015;click;email;2026-03-27T07:59:24.598161Z
EV-00000734;CT-000880;MAR-0008;complaint;sms;2026-03-27T15:36:28.339001Z
EV-00000702;CT-000900;MAR-0013;bounce;email;2026-03-01T19:47:44.418898Z
EV-00000890;CT-000119;MAR-0014;open;sms;2026-03-09T21:05:02.210865Z
EV-00000201;CT-000905;MAR-0004;complaint;email;2026-03-25T13:17:33.534434Z
EV-00000485;CT-000807;MAR-0014;complaint;email;2026-03-01T10:44:38.237597Z
EV-00000184;CT-000812;MAR-0018;complaint;sms;2026-03-06T04:01:13.702325Z
EV-00000405;CT-000772;MAR-0009;open;email;2026-03-28T14:27:22.675349Z
EV-00000208;CT-000231;MAR-0013;click;sms;2026-03-30T06:38:31.936305Z
EV-00000162;CT-000010;MAR-0009;bounce;email;2026-03-14T02:46:10.656384Z
EV-00000726;CT-000677;MAR-0004;bounce;email;2026-03-27T00:33:32.050914Z
EV-00000150;CT-000794;MAR-0004;complaint;sms;2026-03-26T04:05:52.112835Z
EV-00000452;CT-000391;MAR-0004;unsubscribe;email;2026-03-02T20:23:28.349827Z
EV-00000116;CT-000654;MAR-0005;click;sms;2026-03-07T18:55:26.028774Z
EV-00000106;CT-000512;MAR-0007;open;email;2026-03-31T02:56:50.006807Z
EV-00000425;CT-000811;MAR-0012;open;sms;2026-03-30T13:07:34.293143Z
EV-00000229;CT-000837;MAR-0005;bounce;sms;2026-03-19T18:15:35.640084Z
EV-00000526;CT-000470;MAR-0016;complaint;email;2026-03-15T15:37:41.857141Z
EV-00000565;CT-000430;MAR-0002;click;email;2026-03-09T18:25:15.404682Z
EV-00000737;CT-000201;MAR-0016;complaint;sms;2026-03-22T19:43:51.051520Z
EV-00000653;CT-000770;MAR-0005;click;sms;2026-03-10T18:08:05.661469Z
EV-00000157;CT-000177;MAR-0018;complaint;sms;2026-03-18T19:31:32.179041Z
EV-00000803;CT-000703;MAR-0007;unsubscribe;email;2026-03-18T05:09:49.239177Z
EV-00000105;CT-000506;MAR-0011;open;email;2026-03-02T15:34:33.764214Z
EV-00000272;CT-000651;MAR-0009;open;sms;2026-03-23T07:04:32.407583Z
EV-00000774;CT-000895;MAR-0009;open;sms;2026-03-19T03:02:15.438235Z
EV-00000534;CT-000043;MAR-0001;click;email;2026-03-23T00:28:32.940388Z
EV-00000771;CT-000544;MAR-0001;complaint;sms;2026-03-18T10:42:14.519895Z
EV-00000369;CT-000391;MAR-0002;click;sms;2026-04-03T18:07:24.786309Z
EV-00000537;CT-000297;MAR-0016;open;sms;2026-03-07T02:36:28.199686Z
EV-00000260;CT-000228;MAR-0013;complaint;email;2026-03-17T03:20:35.452196Z
EV-00000842;CT-000222;MAR-0011;open;sms;2026-03-30T10:14:50.600024Z
EV-00000602;CT-000824;MAR-0001;open;sms;2026-04-03T23:22:24.642992Z
EV-00000749;CT-000414;MAR-0014;bounce;email;2026-03-03T01:49:34.022934Z
EV-00000533;CT-000485;MAR-0010;unsubscribe;sms;2026-03-29T00:10:30.772890Z
EV-00000899;CT-000489;MAR-0017;unsubscribe;sms;2026-03-05T02:31:04.197653Z
EV-00000199;CT-000875;MAR-0011;unsubscribe;sms;2026-03-10T22:29:35.909664Z
EV-00000225;CT-000202;MAR-0011;unsubscribe;email;2026-03-21T07:30:46.059551Z
EV-00000027;CT-000537;MAR-0003;complaint;email;2026-03-09T14:04:34.385667Z
EV-00000279;CT-000804;MAR-0009;click;sms;2026-03-20T17:49:29.173429Z
EV-00000399;CT-000260;MAR-0016;complaint;sms;2026-03-07T11:57:19.857395Z
EV-00000689;CT-000877;MAR-0016;unsubscribe;email;2026-04-02T08:16:04.854170Z
EV-00000442;CT-000187;MAR-0008;open;sms;2026-03-12T02:52:27.511269Z
EV-00000633;CT-000245;MAR-0013;open;email;2026-03-28T03:52:31.065998Z
EV-00000831;CT-000385;MAR-0007;bounce;email;2026-03-20T14:43:21.087886Z
EV-00000597;CT-000387;MAR-0016;unsubscribe;sms;2026-03-26T01:08:37.808461Z
EV-00000570;CT-000799;MAR-0008;complaint;sms;2026-03-13T06:46:26.375473Z
EV-00000854;CT-000343;MAR-0004;complaint;sms;2026-03-11T14:30:48.033073Z
EV-00000801;CT-000915;MAR-0008;complaint;sms;2026-03-27T08:27:17.369760Z
EV-00000573;CT-000663;MAR-0009;unsubscribe;email;2026-03-14T17:31:23.624408Z
EV-00000581;CT-000042;MAR-0017;complaint;sms;2026-03-31T00:21:40.525094Z
EV-00000850;CT-000439;MAR-0009;open;email;2026-04-03T13:17:58.120450Z
EV-00000695;CT-000075;MAR-0006;open;sms;2026-03-23T03:07:44.013983Z
EV-00000519;CT-000277;MAR-0018;bounce;sms;2026-03-01T19:17:30.381425Z
EV-00000164;CT-000357;MAR-0004;bounce;sms;2026-03-29T13:57:15.324413Z
EV-00000233;CT-000901;MAR-0007;open;email;2026-03-30T05:01:16.193693Z
EV-00000603;CT-000843;MAR-0015;unsubscribe;sms;2026-03-23T20:11:31.158406Z
EV-00000436;CT-000847;MAR-0008;unsubscribe;sms;2026-03-17T01:08:59.376281Z
EV-00000797;CT-000134;MAR-0011;unsubscribe;sms;2026-03-07T09:16:21.799767Z
EV-00000374;CT-000858;MAR-0018;unsubscribe;email;2026-03-02T19:33:05.878985Z
EV-00000541;CT-000128;MAR-0011;click;sms;2026-03-08T16:37:32.100850Z
EV-00000900;CT-000009;MAR-0009;complaint;email;2026-03-30T21:11:17.942180Z
EV-00000287;CT-000598;MAR-0003;bounce;email;2026-03-07T20:43:19.056658Z
EV-00000301;CT-000606;MAR-0006;bounce;email;2026-03-03T06:34:38.169961Z
EV-00000073;CT-000512;MAR-0015;open;sms;2026-03-16T12:17:12.669366Z
EV-00000743;CT-000327;MAR-0001;click;sms;2026-03-26T02:20:38.410782Z
EV-00000130;CT-000631;MAR-0001;open;sms;2026-03-11T08:18:49.823636Z
EV-00000482;CT-000060;MAR-0004;complaint;sms;2026-03-14T11:49:13.678838Z
EV-00000152;CT-000170;MAR-0017;bounce;email;2026-03-23T05:17:15.406016Z
EV-00000297;CT-000827;MAR-0004;click;email;2026-03-18T08:30:08.806314Z
EV-00000668;CT-000379;MAR-0008;unsubscribe;email;2026-03-27T22:24:48.475289Z
EV-00000871;CT-000016;MAR-0006;complaint;email;2026-03-10T05:46:35.902347Z
EV-00000190;CT-000675;MAR-0005;open;email;2026-03-29T08:37:09.403752Z
EV-00000720;CT-000455;MAR-0011;click;email;2026-03-11T12:21:43.067996Z
EV-00000820;CT-000790;MAR-0006;bounce;email;2026-04-05T00:35:11.477168Z
EV-00000203;CT-000373;MAR-0017;bounce;email;2026-03-28T07:14:51.664419Z
EV-00000070;CT-000911;MAR-0012;bounce;email;2026-03-28T06:11:46.177444Z
EV-00000227;CT-000403;MAR-0005;complaint;email;2026-03-14T12:13:53.574067Z
EV-00000117;CT-000270;MAR-0015;bounce;sms;2026-03-29T15:10:51.786652Z
EV-00000739;CT-000447;MAR-0013;unsubscribe;email;2026-03-17T05:43:10.797596Z
EV-00000048;CT-000439;MAR-0016;open;email;2026-03-11T18:43:51.667280Z
EV-00000156;CT-000819;MAR-0013;bounce;sms;2026-03-07T08:58:12.091490Z
EV-00000096;CT-000649;MAR-0011;complaint;sms;2026-03-22T02:47:14.819300Z
EV-00000261;CT-000849;MAR-0007;click;sms;2026-03-21T21:49:47.310196Z
EV-00000170;CT-000660;MAR-0015;bounce;sms;2026-03-31T06:55:21.433134Z
EV-00000484;CT-000696;MAR-0012;complaint;email;2026-03-26T03:01:17.304597Z
EV-00000168;CT-000156;MAR-0010;bounce;sms;2026-04-01T14:15:54.177299Z
EV-00000445;CT-000404;MAR-0005;click;email;2026-03-18T07:02:33.527036Z
EV-00000036;CT-000188;MAR-0005;unsubscribe;email;2026-03-19T20:38:51.559438Z
EV-00000728;CT-000533;MAR-0018;unsubscribe;email;2026-03-06T11:30:15.414035Z
EV-00000232;CT-000236;MAR-0014;bounce;email;2026-03-06T13:52:35.982386Z
EV-00000853;CT-000811;MAR-0010;complaint;sms;2026-03-25T07:19:05.961529Z
EV-00000667;CT-000491;MAR-0016;click;sms;2026-03-12T10:11:16.302425Z
EV-00000587;CT-000701;MAR-0011;complaint;email;2026-03-09T10:40:01.310060Z
EV-00000473;CT-000743;MAR-0004;complaint;email;2026-03-28T05:55:14.181866Z
EV-00000226;CT-000230;MAR-0007;unsubscribe;email;2026-03-27T16:00:02.775051Z
EV-00000188;CT-000127;MAR-0011;click;sms;2026-03-09T03:29:19.875508Z
EV-00000868;CT-000172;MAR-0016;complaint;email;2026-03-28T06:52:47.290006Z
EV-00000869;CT-000465;MAR-0012;open;email;2026-03-26T00:10:29.388233Z
EV-00000532;CT-000780;MAR-0001;complaint;email;2026-03-30T05:49:32.795873Z
EV-00000311;CT-000539;MAR-0014;bounce;sms;2026-03-15T14:43:55.564395Z
EV-00000730;CT-000740;MAR-0009;click;email;2026-03-21T14:03:47.618302Z
EV-00000735;CT-000447;MAR-0014;complaint;sms;2026-03-22T11:34:55.123307Z
EV-00000049;CT-000040;MAR-0006;complaint;sms;2026-03-04T14:27:37.291841Z
EV-00000664;CT-000541;MAR-0008;unsubscribe;email;2026-03-03T03:59:42.089055Z
EV-00000862;CT-000552;MAR-0012;bounce;email;2026-03-31T14:16:21.542448Z
EV-00000288;CT-000131;MAR-0007;unsubscribe;sms;2026-03-04T08:24:30.061211Z
EV-00000548;CT-000004;MAR-0013;bounce;email;2026-03-17T12:37:19.206412Z
EV-00000719;CT-000847;MAR-0017;open;email;2026-04-03T02:02:30.152411Z
EV-00000338;CT-000364;MAR-0003;complaint;sms;2026-03-09T00:21:31.078459Z
EV-00000141;CT-000766;MAR-0015;click;sms;2026-03-05T06:40:11.569642Z
EV-00000674;CT-000727;MAR-0003;unsubscribe;email;2026-03-29T08:43:38.842470Z
EV-00000553;CT-000503;MAR-0005;open;sms;2026-03-20T09:29:06.790288Z
EV-00000753;CT-000475;MAR-0008;bounce;email;2026-03-10T12:25:37.751860Z
EV-00000517;CT-000368;MAR-0013;open;sms;2026-03-14T17:29:15.670903Z
EV-00000790;CT-000905;MAR-0011;bounce;email;2026-03-19T12:34:35.030571Z
EV-00000050;CT-000003;MAR-0011;open;sms;2026-04-01T12:11:26.817609Z
EV-00000630;CT-000520;MAR-0004;unsubscribe;email;2026-03-29T21:41:31.962131Z
EV-00000080;CT-000226;MAR-0007;complaint;sms;2026-03-06T20:04:34.485952Z
EV-00000108;CT-000315;MAR-0003;complaint;email;2026-03-27T20:59:30.632433Z
EV-00000022;CT-000497;MAR-0013;open;email;2026-03-26T23:01:24.983316Z
EV-00000183;CT-000155;MAR-0010;unsubscribe;email;2026-03-16T05:52:11.784393Z
EV-00000158;CT-000450;MAR-0014;unsubscribe;email;2026-03-10T01:44:06.757500Z
EV-00000883;CT-000214;MAR-0007;complaint;sms;2026-03-26T00:02:46.299142Z
EV-00000663;CT-000588;MAR-0008;unsubscribe;email;2026-03-28T05:27:07.931424Z
EV-00000922;CT-000396;MAR-0016;bounce;sms;2026-03-11T18:37:38.434662Z
EV-00000770;CT-000662;MAR-0001;open;email;2026-04-01T02:50:23.158995Z
EV-00000921;CT-000370;MAR-0005;unsubscribe;email;2026-03-27T20:14:05.847653Z
EV-00000259;CT-000620;MAR-0004;open;email;2026-03-22T03:08:33.767488Z
EV-00000053;CT-000350;MAR-0002;open;sms;2026-03-13T11:31:46.487334Z
EV-00000245;CT-000774;MAR-0002;click;email;2026-03-11T10:07:10.340987Z
EV-00000782;CT-000248;MAR-0006;unsubscribe;sms;2026-03-11T13:22:47.015732Z
EV-00000046;CT-000402;MAR-0011;unsubscribe;email;2026-03-23T03:56:14.768215Z
EV-00000520;CT-000365;MAR-0004;complaint;email;2026-03-20T20:46:14.791105Z
EV-00000814;CT-000910;MAR-0003;click;email;2026-03-11T18:46:09.886628Z
EV-00000193;CT-000232;MAR-0014;bounce;sms;2026-03-17T00:57:54.513534Z
EV-00000528;CT-000080;MAR-0004;bounce;sms;2026-03-07T15:12:23.159899Z
EV-00000780;CT-000224;MAR-0017;unsubscribe;email;2026-03-31T22:09:37.598609Z
EV-00000612;CT-000589;MAR-0004;bounce;email;2026-03-27T19:00:52.142766Z
EV-00000758;CT-000768;MAR-0012;bounce;email;2026-03-17T13:27:12.005758Z
EV-00000246;CT-000234;MAR-0016;bounce;sms;2026-03-22T12:51:33.620678Z
EV-00000577;CT-000461;MAR-0011;open;sms;2026-03-07T06:31:11.560886Z
EV-00000585;CT-000824;MAR-0014;unsubscribe;email;2026-03-04T17:11:35.201015Z
EV-00000608;CT-000593;MAR-0007;click;sms;2026-04-02T02:04:26.969362Z
EV-00000255;CT-000183;MAR-0011;bounce;sms;2026-03-10T02:24:52.406210Z
EV-00000704;CT-000362;MAR-0012;unsubscribe;sms;2026-03-05T11:02:09.860105Z
EV-00000041;CT-000172;MAR-0010;complaint;sms;2026-03-06T11:48:51.372978Z
EV-00000852;CT-000012;MAR-0010;bounce;sms;2026-03-18T00:36:04.604727Z
EV-00000402;CT-000424;MAR-0008;open;email;2026-03-07T18:56:06.927557Z
EV-00000552;CT-000092;MAR-0016;bounce;email;2026-03-11T20:23:02.451659Z
EV-00000411;CT-000482;MAR-0013;click;sms;2026-03-18T07:29:55.227973Z
EV-00000815;CT-000204;MAR-0013;unsubscribe;email;2026-03-22T08:12:36.610192Z
EV-00000781;CT-000527;MAR-0008;open;sms;2026-03-05T15:40:06.105908Z
EV-00000521;CT-000778;MAR-0006;open;sms;2026-03-08T15:47:32.983783Z
EV-00000874;CT-000852;MAR-0003;unsubscribe;sms;2026-03-28T16:10:07.660512Z
EV-00000657;CT-000373;MAR-0003;unsubscribe;sms;2026-03-06T15:44:28.967087Z
EV-00000518;CT-000549;MAR-0007;bounce;sms;2026-03-11T20:02:38.075923Z
EV-00000420;CT-000441;MAR-0007;bounce;email;2026-03-21T04:02:39.603179Z
EV-00000618;CT-000881;MAR-0015;unsubscribe;sms;2026-03-20T01:37:28.984539Z
EV-00000026;CT-000380;MAR-0011;click;email;2026-03-05T04:45:16.874135Z
EV-00000151;CT-000897;MAR-0002;click;email;2026-03-04T04:33:16.491279Z
EV-00000841;CT-000447;MAR-0015;complaint;email;2026-03-02T04:16:18.995777Z
EV-00000215;CT-000643;MAR-0001;unsubscribe;sms;2026-03-11T13:11:51.906105Z
EV-00000845;CT-000019;MAR-0009;unsubscribe;sms;2026-03-05T09:49:44.159827Z
EV-00000911;CT-000342;MAR-0016;bounce;email;2026-03-27T21:21:46.641437Z
EV-00000550;CT-000291;MAR-0011;bounce;email;2026-03-22T18:21:23.778155Z
EV-00000634;CT-000772;MAR-0004;click;email;2026-03-28T13:23:19.183569Z
EV-00000640;CT-000209;MAR-0018;bounce;email;2026-03-28T16:32:48.146973Z
EV-00000456;CT-000900;MAR-0005;complaint;sms;2026-04-01T23:39:08.102604Z
EV-00000812;CT-000440;MAR-0004;unsubscribe;email;2026-03-02T08:12:22.936222Z
EV-00000219;CT-000830;MAR-0010;bounce;email;2026-03-15T11:27:34.213000Z
EV-00000390;CT-000263;MAR-0013;open;sms;2026-03-03T23:57:36.796847Z
EV-00000903;CT-000529;MAR-0012;complaint;sms;2026-03-23T08:44:53.043766Z
EV-00000879;CT-000683;MAR-0012;unsubscribe;sms;2026-03-07T22:49:28.244534Z
EV-00000222;CT-000613;MAR-0016;open;email;2026-03-10T16:11:14.937225Z
EV-00000681;CT-000819;MAR-0004;click;sms;2026-03-06T17:27:51.029187Z
EV-00000265;CT-000218;MAR-0013;open;email;2026-03-20T10:43:17.075330Z
EV-00000897;CT-000475;MAR-0012;complaint;email;2026-04-03T20:07:57.730800Z
EV-00000490;CT-000158;MAR-0017;bounce;email;2026-03-31T21:30:01.643512Z
EV-00000619;CT-000863;MAR-0017;bounce;sms;2026-03-21T09:37:12.316381Z
EV-00000823;CT-000597;MAR-0011;unsubscribe;email;2026-03-18T20:35:23.457489Z
EV-00000605;CT-000067;MAR-0011;complaint;email;2026-03-23T14:43:13.482790Z
EV-00000418;CT-000193;MAR-0018;open;email;2026-03-23T08:25:07.471565Z
EV-00000422;CT-000199;MAR-0008;unsubscribe;email;2026-03-11T23:42:58.378768Z
EV-00000811;CT-000453;MAR-0001;open;email;2026-03-18T05:00:10.661691Z
EV-00000762;CT-000387;MAR-0007;unsubscribe;sms;2026-03-14T04:08:19.896040Z
EV-00000481;CT-000629;MAR-0010;open;sms;2026-03-29T01:04:46.200185Z
EV-00000325;CT-000501;MAR-0004;unsubscribe;email;2026-03-30T03:34:20.903155Z
EV-00000123;CT-000874;MAR-0009;unsubscribe;email;2026-03-23T01:34:13.836656Z
EV-00000471;CT-000659;MAR-0002;unsubscribe;email;2026-03-21T01:30:26.484982Z
EV-00000806;CT-000630;MAR-0012;complaint;sms;2026-03-16T22:06:12.294961Z
EV-00000523;CT-000646;MAR-0014;unsubscribe;email;2026-03-21T00:54:30.972614Z
EV-00000401;CT-000353;MAR-0018;bounce;sms;2026-04-03T15:10:50.139274Z
EV-00000031;CT-000746;MAR-0006;unsubscribe;sms;2026-03-17T19:23:03.932033Z
EV-00000744;CT-000093;MAR-0017;click;email;2026-03-10T08:12:38.159533Z
EV-00000562;CT-000183;MAR-0006;click;sms;2026-04-02T06:41:50.945209Z
EV-00000075;CT-000600;MAR-0015;complaint;sms;2026-03-30T05:34:01.544037Z
EV-00000366;CT-000900;MAR-0007;complaint;sms;2026-03-24T07:13:03.997970Z
EV-00000228;CT-000844;MAR-0004;bounce;email;2026-03-30T14:01:16.401623Z
EV-00000155;CT-000827;MAR-0017;click;email;2026-03-20T16:53:54.348545Z
EV-00000207;CT-000447;MAR-0010;click;sms;2026-03-26T19:15:42.083153Z
EV-00000375;CT-000624;MAR-0008;complaint;sms;2026-03-21T12:27:24.043249Z
EV-00000808;CT-000460;MAR-0008;click;sms;2026-03-24T06:16:52.152500Z
EV-00000924;CT-000673;MAR-0011;bounce;sms;2026-04-02T09:39:58.551272Z
EV-00000081;CT-000631;MAR-0011;click;email;2026-03-29T13:52:30.435819Z
EV-00000464;CT-000240;MAR-0014;unsubscribe;email;2026-03-15T11:09:26.345043Z
EV-00000625;CT-000625;MAR-0001;bounce;sms;2026-03-19T23:10:15.885014Z
EV-00000694;CT-000170;MAR-0011;unsubscribe;email;2026-03-21T20:08:38.260677Z
EV-00000356;CT-000648;MAR-0017;complaint;sms;2026-03-05T00:48:38.001429Z
EV-00000700;CT-000398;MAR-0003;unsubscribe;sms;2026-04-04T10:50:32.101938Z
EV-00000856;CT-000878;MAR-0005;open;sms;2026-03-25T09:02:35.922790Z
EV-00000210;CT-000774;MAR-0014;bounce;email;2026-03-06T09:55:39.664641Z
EV-00000818;CT-000032;MAR-0004;unsubscribe;sms;2026-03-30T18:13:37.012112Z
EV-00000344;CT-000072;MAR-0006;unsubscribe;email;2026-04-03T08:38:00.115926Z
EV-00000357;CT-000890;MAR-0002;bounce;email;2026-03-23T11:00:22.956185Z
EV-00000708;CT-000851;MAR-0002;click;email;2026-03-15T01:18:21.298817Z
EV-00000799;CT-000913;MAR-0011;complaint;sms;2026-03-25T19:02:12.008552Z
EV-00000241;CT-000849;MAR-0008;open;sms;2026-03-02T05:33:20.283650Z
EV-00000115;CT-000188;MAR-0002;click;email;2026-03-22T21:03:25.392589Z
EV-00000502;CT-000792;MAR-0013;unsubscribe;email;2026-03-18T02:36:34.848145Z
EV-00000651;CT-000321;MAR-0012;unsubscribe;email;2026-04-02T11:39:56.158569Z
EV-00000561;CT-000448;MAR-0014;bounce;email;2026-03-23T09:12:17.930495Z
EV-00000409;CT-000422;MAR-0012;complaint;sms;2026-03-10T00:23:00.984255Z
EV-00000037;CT-000440;MAR-0004;unsubscribe;email;2026-03-16T17:02:25.081644Z
EV-00000923;CT-000329;MAR-0011;click;email;2026-03-31T19:57:38.861179Z
EV-00000280;CT-000430;MAR-0011;bounce;email;2026-03-28T14:51:28.418641Z
EV-00000913;CT-000649;MAR-0005;complaint;sms;2026-03-06T10:04:30.690129Z
EV-00000891;CT-000588;MAR-0016;unsubscribe;sms;2026-03-16T14:58:03.884478Z
EV-00000860;CT-000273;MAR-0015;bounce;email;2026-03-29T05:33:33.686268Z
EV-00000813;CT-000192;MAR-0002;click;sms;2026-03-30T18:24:11.645510Z
EV-00000910;CT-000447;MAR-0004;open;sms;2026-03-24T04:37:23.006561Z
EV-00000631;CT-000322;MAR-0007;open;email;2026-03-27T18:18:14.961248Z
EV-00000089;CT-000552;MAR-0004;unsubscribe;sms;2026-04-02T06:36:02.689095Z
EV-00000304;CT-000128;MAR-0013;open;sms;2026-03-11T22:25:41.864955Z
EV-00000892;CT-000426;MAR-0014;click;sms;2026-03-02T17:46:12.396467Z
EV-00000756;CT-000129;MAR-0006;complaint;sms;2026-03-13T19:30:06.164991Z
EV-00000724;CT-000281;MAR-0009;complaint;sms;2026-03-15T10:33:10.113701Z
EV-00000020;CT-000318;MAR-0009;complaint;email;2026-03-02T00:10:22.190798Z
EV-00000776;CT-000289;MAR-0012;bounce;email;2026-03-24T10:27:17.021035Z
EV-00000430;CT-000724;MAR-0017;unsubscribe;sms;2026-03-09T01:16:35.432714Z
EV-00000622;CT-000001;MAR-0005;open;sms;2026-03-29T00:36:25.971589Z
EV-00000114;CT-000668;MAR-0012;bounce;email;2026-03-06T11:31:38.478470Z
EV-00000881;CT-000376;MAR-0017;open;sms;2026-03-19T01:35:10.366521Z
EV-00000645;CT-000164;MAR-0010;complaint;sms;2026-03-23T03:34:23.560866Z
EV-00000501;CT-000856;MAR-0012;bounce;email;2026-03-14T05:25:19.994296Z
EV-00000019;CT-000138;MAR-0016;click;email;2026-03-16T21:37:55.023733Z
EV-00000172;CT-000036;MAR-0013;open;sms;2026-03-09T14:20:22.299188Z
EV-00000339;CT-000650;MAR-0014;bounce;sms;2026-03-20T19:09:19.743522Z
EV-00000433;CT-000898;MAR-0008;complaint;sms;2026-03-13T14:21:40.606152Z
EV-00000470;CT-000154;MAR-0015;complaint;sms;2026-03-29T17:31:22.627616Z
EV-00000234;CT-000692;MAR-0009;complaint;email;2026-03-10T21:33:03.430460Z
EV-00000404;CT-000539;MAR-0012;unsubscribe;email;2026-04-01T09:34:56.906180Z
EV-00000935;CT-000667;MAR-0011;complaint;email;2026-04-02T04:59:23.278283Z
EV-00000289;CT-000227;MAR-0004;open;email;2026-03-22T15:51:15.218019Z
EV-00000216;CT-000622;MAR-0007;click;email;2026-03-14T01:42:31.519448Z
EV-00000186;CT-000485;MAR-0005;bounce;email;2026-03-17T02:10:47.733291Z
EV-00000006;CT-000186;MAR-0004;unsubscribe;email;2026-03-17T02:59:09.835457Z
EV-00000609;CT-000750;MAR-0012;open;sms;2026-03-29T09:23:11.978070Z
EV-00000917;CT-000700;MAR-0005;open;email;2026-03-21T15:36:25.133279Z
EV-00000769;CT-000029;MAR-0012;bounce;email;2026-03-15T23:51:04.341353Z
EV-00000676;CT-000725;MAR-0017;bounce;email;2026-03-09T12:57:53.321166Z
EV-00000371;CT-000696;MAR-0007;open;sms;2026-03-16T04:32:23.516596Z
EV-00000829;CT-000504;MAR-0017;click;sms;2026-03-11T21:35:33.000224Z
EV-00000107;CT-000196;MAR-0003;click;email;2026-03-24T09:15:23.220694Z
EV-00000173;CT-000500;MAR-0008;unsubscribe;sms;2026-03-09T15:45:40.290072Z
EV-00000432;CT-000025;MAR-0004;open;email;2026-03-14T01:51:33.372622Z
EV-00000665;CT-000771;MAR-0009;click;email;2026-03-20T01:48:28.224782Z
EV-00000438;CT-000120;MAR-0006;bounce;sms;2026-03-21T23:35:23.642341Z
EV-00000686;CT-000215;MAR-0011;unsubscribe;email;2026-03-05T04:18:37.863240Z
EV-00000834;CT-000915;MAR-0017;bounce;sms;2026-03-18T04:35:40.715135Z
EV-00000086;CT-000809;MAR-0002;bounce;email;2026-03-14T08:50:02.248074Z
EV-00000529;CT-000312;MAR-0009;open;email;2026-03-11T18:02:37.463579Z
EV-00000214;CT-000914;MAR-0012;click;sms;2026-03-08T07:48:08.976494Z
EV-00000886;CT-000581;MAR-0011;unsubscribe;email;2026-03-24T18:51:33.179686Z
EV-00000755;CT-000344;MAR-0012;bounce;email;2026-03-21T02:36:02.832382Z
EV-00000202;CT-000256;MAR-0017;complaint;email;2026-03-19T04:09:58.845304Z
EV-00000698;CT-000467;MAR-0002;open;sms;2026-03-08T08:28:47.864232Z
EV-00000547;CT-000662;MAR-0001;open;sms;2026-04-03T01:38:42.932804Z
EV-00000021;CT-000744;MAR-0002;click;email;2026-03-22T23:36:42.741215Z
EV-00000796;CT-000003;MAR-0004;bounce;email;2026-03-30T18:06:03.532458Z
EV-00000238;CT-000685;MAR-0005;complaint;sms;2026-03-15T01:55:49.314933Z
EV-00000242;CT-000883;MAR-0018;bounce;sms;2026-03-16T22:56:47.541171Z
EV-00000264;CT-000372;MAR-0006;open;sms;2026-03-05T13:02:24.419915Z
EV-00000016;CT-000283;MAR-0012;bounce;email;2026-03-03T18:43:00.322390Z
EV-00000359;CT-000562;MAR-0013;bounce;sms;2026-04-03T17:29:28.003239Z
EV-00000627;CT-000215;MAR-0006;open;sms;2026-03-11T09:03:39.386046Z
EV-00000729;CT-000471;MAR-0010;bounce;sms;2026-03-07T19:00:11.885191Z
EV-00000055;CT-000073;MAR-0018;click;email;2026-03-10T20:48:18.038392Z
EV-00000160;CT-000709;MAR-0017;click;sms;2026-03-26T18:46:33.560778Z
EV-00000346;CT-000579;MAR-0018;complaint;email;2026-03-05T09:44:21.854342Z
EV-00000333;CT-000296;MAR-0003;complaint;email;2026-03-19T23:45:15.774085Z
EV-00000778;CT-000017;MAR-0012;unsubscribe;sms;2026-03-05T19:08:23.686065Z
EV-00000880;CT-000003;MAR-0003;complaint;email;2026-03-11T16:47:02.028780Z
EV-00000833;CT-000389;MAR-0013;complaint;sms;2026-03-13T08:46:47.688672Z
EV-00000051;CT-000700;MAR-0002;open;email;2026-03-30T16:19:58.960020Z
EV-00000857;CT-000812;MAR-0009;open;sms;2026-03-03T13:39:47.385704Z
EV-00000033;CT-000026;MAR-0005;complaint;sms;2026-03-20T12:04:48.873471Z
EV-00000171;CT-000525;MAR-0016;unsubscribe;sms;2026-03-04T15:40:54.718817Z
EV-00000368;CT-000304;MAR-0014;complaint;email;2026-03-27T16:27:55.920987Z
EV-00000635;CT-000562;MAR-0004;complaint;sms;2026-03-24T21:41:30.977426Z
EV-00000503;CT-000305;MAR-0011;bounce;sms;2026-03-08T14:18:35.959574Z
EV-00000525;CT-000416;MAR-0006;complaint;email;2026-03-12T17:57:56.499668Z
EV-00000731;CT-000112;MAR-0008;bounce;email;2026-04-04T07:07:00.922312Z
EV-00000934;CT-000798;MAR-0009;bounce;email;2026-03-19T19:56:35.326386Z
EV-00000136;CT-000613;MAR-0013;open;email;2026-03-05T00:33:39.352231Z
EV-00000072;CT-000468;MAR-0002;open;email;2026-03-09T18:24:07.985999Z
EV-00000453;CT-000526;MAR-0018;bounce;sms;2026-03-16T11:18:31.488179Z
EV-00000513;CT-000543;MAR-0013;open;sms;2026-03-08T22:51:10.241025Z
EV-00000925;CT-000575;MAR-0016;bounce;sms;2026-04-02T00:21:58.323706Z
EV-00000354;CT-000681;MAR-0003;open;email;2026-03-10T11:09:06.524339Z
EV-00000269;CT-000481;MAR-0011;open;sms;2026-03-08T08:32:51.191897Z
EV-00000100;CT-000261;MAR-0010;open;sms;2026-03-18T14:57:31.585404Z
EV-00000137;CT-000681;MAR-0018;bounce;email;2026-04-04T14:27:00.104556Z
EV-00000353;CT-000430;MAR-0018;complaint;sms;2026-03-13T19:30:32.309999Z
EV-00000844;CT-000584;MAR-0009;complaint;sms;2026-03-05T20:29:05.609329Z
EV-00000377;CT-000457;MAR-0003;bounce;sms;2026-03-21T18:02:21.821644Z
EV-00000015;CT-000601;MAR-0008;open;sms;2026-03-23T21:05:05.616099Z
EV-00000014;CT-000339;MAR-0001;complaint;sms;2026-03-25T11:25:54.795854Z
EV-00000588;CT-000343;MAR-0003;click;email;2026-03-20T04:21:11.524779Z
EV-00000543;CT-000797;MAR-0014;click;email;2026-03-02T21:13:23.047739Z
EV-00000859;CT-000524;MAR-0005;unsubscribe;email;2026-03-31T01:10:38.679625Z
EV-00000180;CT-000763;MAR-0003;bounce;sms;2026-03-29T23:48:30.553702Z
EV-00000388;CT-000632;MAR-0010;complaint;sms;2026-03-17T18:15:05.633088Z
EV-00000637;CT-000138;MAR-0011;bounce;email;2026-03-13T02:11:49.399368Z
EV-00000314;CT-000565;MAR-0013;bounce;email;2026-03-13T11:01:14.020542Z
EV-00000620;CT-000504;MAR-0001;click;email;2026-03-06T23:04:35.848294Z
EV-00000416;CT-000575;MAR-0017;open;email;2026-03-26T14:07:49.837300Z
EV-00000500;CT-000040;MAR-0009;bounce;email;2026-03-03T02:56:04.348594Z
EV-00000487;CT-000416;MAR-0003;complaint;sms;2026-04-02T00:06:29.038844Z
EV-00000706;CT-000232;MAR-0009;complaint;sms;2026-03-10T13:56:52.626730Z
EV-00000614;CT-000390;MAR-0008;complaint;email;2026-03-16T05:43:38.526841Z
EV-00000355;CT-000721;MAR-0013;click;email;2026-03-27T11:44:20.087028Z
EV-00000240;CT-000348;MAR-0009;bounce;email;2026-03-08T23:21:47.841506Z
EV-00000131;CT-000576;MAR-0014;unsubscribe;email;2026-03-03T17:32:54.769525Z
EV-00000825;CT-000514;MAR-0009;complaint;sms;2026-03-29T04:39:35.617580Z
EV-00000531;CT-000432;MAR-0007;click;sms;2026-03-22T00:00:15.548934Z
EV-00000766;CT-000228;MAR-0014;unsubscribe;email;2026-03-11T02:08:59.844316Z
EV-00000220;CT-000679;MAR-0015;open;sms;2026-03-01T18:08:43.468032Z
EV-00000163;CT-000456;MAR-0017;complaint;sms;2026-04-02T05:47:50.967118Z
EV-00000697;CT-000273;MAR-0002;complaint;sms;2026-03-23T08:23:20.245507Z
EV-00000351;CT-000773;MAR-0006;click;sms;2026-03-14T03:44:47.403987Z
EV-00000866;CT-000233;MAR-0007;open;email;2026-03-18T19:34:36.673248Z
EV-00000884;CT-000655;MAR-0001;unsubscribe;email;2026-03-01T12:31:49.991542Z
EV-00000792;CT-000441;MAR-0011;bounce;sms;2026-03-08T17:22:06.330118Z
EV-00000644;CT-000517;MAR-0012;click;email;2026-03-21T19:40:13.550935Z
EV-00000840;CT-000901;MAR-0016;open;sms;2026-03-17T21:49:24.691135Z
EV-00000134;CT-000335;MAR-0006;unsubscribe;email;2026-03-13T03:58:42.574943Z
EV-00000146;CT-000848;MAR-0003;bounce;email;2026-03-28T20:40:56.896462Z
EV-00000451;CT-000707;MAR-0001;unsubscribe;email;2026-04-03T12:43:39.758767Z
EV-00000738;CT-000437;MAR-0014;complaint;sms;2026-04-03T23:06:02.417992Z
EV-00000290;CT-000046;MAR-0018;click;email;2026-03-23T02:36:52.873448Z
EV-00000181;CT-000270;MAR-0014;complaint;sms;2026-03-26T11:39:24.169747Z
EV-00000655;CT-000347;MAR-0016;bounce;sms;2026-04-04T13:01:42.883494Z
EV-00000493;CT-000466;MAR-0013;unsubscribe;sms;2026-04-02T05:40:05.879426Z
EV-00000623;CT-000917;MAR-0007;open;sms;2026-03-26T23:11:17.617794Z
EV-00000817;CT-000293;MAR-0012;bounce;email;2026-03-07T12:07:55.916356Z
EV-00000746;CT-000317;MAR-0006;bounce;sms;2026-03-12T08:12:16.822003Z
EV-00000826;CT-000214;MAR-0001;click;sms;2026-03-22T02:54:56.194938Z
EV-00000885;CT-000189;MAR-0013;bounce;email;2026-03-06T18:55:20.383833Z
EV-00000713;CT-000727;MAR-0002;bounce;sms;2026-03-04T12:58:18.224634Z
EV-00000646;CT-000606;MAR-0012;click;email;2026-04-03T05:11:12.576767Z
EV-00000855;CT-000420;MAR-0006;unsubscribe;email;2026-03-07T18:55:01.956072Z
EV-00000540;CT-000407;MAR-0011;click;email;2026-03-08T07:49:47.197865Z
EV-00000764;CT-000003;MAR-0009;complaint;email;2026-03-08T04:52:44.605515Z
EV-00000902;CT-000840;MAR-0006;unsubscribe;sms;2026-03-10T03:24:47.128813Z
EV-00000318;CT-000689;MAR-0010;complaint;email;2026-03-13T19:36:24.343073Z
EV-00000149;CT-000438;MAR-0006;unsubscribe;sms;2026-03-02T00:18:05.474042Z
EV-00000439;CT-000748;MAR-0002;bounce;email;2026-04-04T09:11:04.744982Z
EV-00000372;CT-000656;MAR-0007;bounce;email;2026-03-19T13:09:55.942326Z
EV-00000276;CT-000165;MAR-0001;bounce;email;2026-04-01T20:18:05.631736Z
EV-00000571;CT-000704;MAR-0017;open;sms;2026-03-28T05:35:18.352163Z
EV-00000933;CT-000632;MAR-0010;unsubscribe;sms;2026-03-24T18:24:01.164664Z
EV-00000800;CT-000677;MAR-0009;unsubscribe;email;2026-03-07T13:19:47.663793Z
EV-00000576;CT-000498;MAR-0003;complaint;email;2026-03-12T10:00:18.655962Z
EV-00000461;CT-000641;MAR-0011;click;email;2026-03-17T11:48:08.743029Z
EV-00000434;CT-000640;MAR-0006;unsubscribe;sms;2026-03-20T15:46:34.430721Z
EV-00000828;CT-000797;MAR-0003;complaint;email;2026-03-28T16:44:52.754948Z
EV-00000076;CT-000723;MAR-0001;bounce;email;2026-03-14T21:29:21.921190Z
EV-00000566;CT-000687;MAR-0012;bounce;sms;2026-03-10T07:24:45.153223Z
EV-00000680;CT-000317;MAR-0012;open;sms;2026-03-24T14:09:59.568476Z
EV-00000458;CT-000166;MAR-0005;bounce;email;2026-03-30T14:12:19.105618Z
EV-00000309;CT-000153;MAR-0010;bounce;email;2026-03-18T17:45:37.111178Z
EV-00000316;CT-000621;MAR-0009;complaint;email;2026-03-12T10:40:27.406493Z
EV-00000916;CT-000022;MAR-0007;open;sms;2026-03-22T21:12:09.106475Z
EV-00000621;CT-000593;MAR-0008;unsubscribe;email;2026-03-09T19:34:10.203119Z
EV-00000736;CT-000899;MAR-0002;complaint;email;2026-03-26T08:13:13.280500Z
EV-00000851;CT-000537;MAR-0004;complaint;email;2026-03-21T14:32:15.116139Z
EV-00000865;CT-000228;MAR-0017;click;sms;2026-03-16T20:27:39.625155Z
EV-00000858;CT-000193;MAR-0008;bounce;email;2026-03-11T22:25:34.988657Z
EV-00000539;CT-000783;MAR-0018;complaint;sms;2026-03-28T23:45:32.472130Z
EV-00000256;CT-000794;MAR-0007;complaint;sms;2026-03-24T01:42:19.682401Z
EV-00000271;CT-000823;MAR-0014;unsubscribe;sms;2026-03-12T05:29:31.936605Z
EV-00000030;CT-000424;MAR-0016;open;email;2026-03-20T18:57:14.745045Z
EV-00000669;CT-000578;MAR-0011;bounce;email;2026-03-27T02:32:49.713307Z
EV-00000578;CT-000745;MAR-0011;unsubscribe;sms;2026-03-22T21:26:31.892617Z
EV-00000715;CT-000353;MAR-0004;bounce;email;2026-03-30T06:15:28.420932Z
EV-00000295;CT-000701;MAR-0017;complaint;email;2026-04-02T20:31:21.402551Z
EV-00000559;CT-000316;MAR-0009;complaint;email;2026-03-08T07:51:42.530360Z
EV-00000779;CT-000780;MAR-0006;complaint;sms;2026-04-03T00:00:44.504607Z
EV-00000495;CT-000392;MAR-0012;bounce;sms;2026-03-29T16:38:34.863770Z
EV-00000292;CT-000575;MAR-0018;bounce;email;2026-03-08T00:06:11.468606Z
EV-00000413;CT-000647;MAR-0009;open;sms;2026-03-04T10:30:36.866721Z
EV-00000701;CT-000760;MAR-0016;complaint;sms;2026-03-18T16:45:43.535590Z
EV-00000498;CT-000884;MAR-0004;click;email;2026-03-19T10:50:41.978819Z
EV-00000912;CT-000558;MAR-0008;open;sms;2026-03-03T19:35:06.812750Z
EV-00000659;CT-000295;MAR-0004;unsubscribe;sms;2026-03-29T22:26:24.572233Z
EV-00000113;CT-000406;MAR-0009;click;sms;2026-03-29T04:51:10.190426Z
EV-00000024;CT-000655;MAR-0004;unsubscribe;email;2026-03-08T14:26:41.127774Z
EV-00000441;CT-000126;MAR-0015;open;email;2026-04-04T08:24:00.463212Z
EV-00000747;CT-000464;MAR-0017;open;sms;2026-04-05T00:07:00.850073Z
EV-00000035;CT-000116;MAR-0001;open;email;2026-03-08T20:04:00.679275Z
EV-00000506;CT-000081;MAR-0015;unsubscribe;email;2026-03-13T08:32:31.674866Z
EV-00000376;CT-000715;MAR-0003;unsubscribe;sms;2026-03-23T14:07:34.997877Z
EV-00000583;CT-000358;MAR-0001;open;sms;2026-03-21T02:02:59.194052Z
EV-00000930;CT-000033;MAR-0002;open;email;2026-03-04T03:52:13.201417Z
EV-00000514;CT-000192;MAR-0017;bounce;sms;2026-03-05T22:43:34.438172Z
EV-00000915;CT-000060;MAR-0010;unsubscribe;email;2026-04-01T09:11:01.869897Z
EV-00000919;CT-000498;MAR-0016;unsubscribe;email;2026-03-21T03:58:51.661636Z
EV-00000544;CT-000224;MAR-0001;open;sms;2026-03-05T01:51:24.329168Z
EV-00000135;CT-000850;MAR-0005;open;email;2026-03-25T05:28:56.630441Z
EV-00000361;CT-000824;MAR-0012;open;email;2026-03-03T21:33:20.535680Z
EV-00000025;CT-000070;MAR-0011;unsubscribe;email;2026-03-12T08:18:37.910006Z
EV-00000268;CT-000430;MAR-0016;click;sms;2026-04-04T17:34:43.408348Z
EV-00000058;CT-000619;MAR-0014;open;sms;2026-03-20T16:20:02.653902Z
EV-00000864;CT-000370;MAR-0008;bounce;sms;2026-03-21T13:46:58.237561Z
EV-00000009;CT-000291;MAR-0008;unsubscribe;email;2026-03-22T05:43:15.659519Z
EV-00000282;CT-000816;MAR-0009;click;email;2026-03-16T07:53:28.281498Z
EV-00000380;CT-000900;MAR-0004;bounce;sms;2026-03-24T13:31:09.649133Z
EV-00000536;CT-000350;MAR-0018;unsubscribe;sms;2026-03-30T03:03:49.536641Z
EV-00000094;CT-000749;MAR-0013;bounce;email;2026-03-15T06:01:15.641671Z
EV-00000654;CT-000472;MAR-0001;complaint;sms;2026-03-08T22:15:20.894378Z
EV-00000499;CT-000251;MAR-0011;bounce;sms;2026-04-02T11:56:27.355527Z
EV-00000284;CT-000626;MAR-0010;complaint;sms;2026-03-04T00:41:17.166128Z
EV-00000928;CT-000081;MAR-0013;complaint;sms;2026-03-08T04:07:26.218462Z
EV-00000929;CT-000496;MAR-0005;click;email;2026-03-29T12:48:53.081599Z
EV-00000324;CT-000366;MAR-0008;click;email;2026-03-28T16:06:07.611252Z
EV-00000154;CT-000087;MAR-0006;bounce;sms;2026-03-11T05:31:00.340565Z
EV-00000197;CT-000831;MAR-0002;unsubscribe;email;2026-03-15T00:39:46.188895Z
EV-00000387;CT-000600;MAR-0008;unsubscribe;sms;2026-03-11T14:45:28.421485Z
EV-00000466;CT-000385;MAR-0003;bounce;email;2026-03-22T04:07:29.276025Z
EV-00000455;CT-000325;MAR-0005;complaint;sms;2026-03-19T05:55:17.387722Z
EV-00000317;CT-000711;MAR-0016;unsubscribe;sms;2026-03-16T17:18:25.033534Z
EV-00000400;CT-000637;MAR-0016;click;email;2026-03-11T01:07:24.225892Z
EV-00000204;CT-000381;MAR-0006;click;sms;2026-03-16T11:33:43.744416Z
EV-00000023;CT-000020;MAR-0010;open;sms;2026-03-20T09:44:23.268011Z
EV-00000863;CT-000741;MAR-0015;unsubscribe;sms;2026-03-24T02:35:44.871169Z
EV-00000535;CT-000045;MAR-0009;unsubscribe;email;2026-03-03T12:46:59.939071Z
EV-00000334;CT-000058;MAR-0013;click;sms;2026-03-04T00:08:25.602340Z
EV-00000938;CT-000745;MAR-0017;open;email;2026-04-03T16:11:49.315327Z
EV-00000542;CT-000690;MAR-0004;bounce;sms;2026-03-24T17:35:35.800196Z
EV-00000707;CT-000514;MAR-0001;open;sms;2026-03-13T17:23:27.837292Z
EV-00000673;CT-000203;MAR-0005;open;email;2026-03-08T20:02:09.273772Z
EV-00000001;CT-000509;MAR-0002;unsubscribe;email;2026-04-02T03:38:26.366736Z
EV-00000191;CT-000298;MAR-0014;unsubscribe;sms;2026-03-19T13:04:28.762420Z
EV-00000777;CT-000511;MAR-0016;click;sms;2026-03-17T10:55:59.533777Z
EV-00000773;CT-000768;MAR-0007;open;email;2026-03-17T04:07:23.412666Z
EV-00000867;CT-000196;MAR-0006;open;email;2026-03-11T00:06:22.807250Z
EV-00000195;CT-000038;MAR-0005;unsubscribe;sms;2026-03-27T21:15:56.021847Z
EV-00000692;CT-000139;MAR-0005;open;sms;2026-03-27T18:09:22.053818Z
EV-00000658;CT-000673;MAR-0011;bounce;sms;2026-03-10T00:24:21.728744Z
EV-00000661;CT-000671;MAR-0003;open;email;2026-03-04T14:00:23.138820Z
EV-00000167;CT-000090;MAR-0009;unsubscribe;email;2026-03-16T04:19:37.431381Z
EV-00000028;CT-000651;MAR-0013;complaint;sms;2026-03-27T15:21:26.064852Z
EV-00000212;CT-000794;MAR-0017;open;email;2026-03-09T22:28:36.437505Z
EV-00000125;CT-000134;MAR-0006;open;sms;2026-03-25T19:10:40.712222Z
EV-00000492;CT-000797;MAR-0006;open;sms;2026-03-07T18:38:20.022695Z
EV-00000340;CT-000318;MAR-0013;bounce;email;2026-03-30T05:21:19.370060Z
EV-00000629;CT-000182;MAR-0016;complaint;email;2026-03-02T10:18:07.837276Z
EV-00000223;CT-000843;MAR-0014;bounce;email;2026-03-13T20:59:03.568653Z
EV-00000082;CT-000204;MAR-0011;open;sms;2026-03-28T04:50:33.577703Z
EV-00000144;CT-000633;MAR-0008;click;email;2026-03-29T11:58:06.141350Z
EV-00000838;CT-000710;MAR-0016;click;email;2026-03-06T15:17:57.189640Z
EV-00000427;CT-000869;MAR-0012;bounce;email;2026-03-15T00:32:28.560001Z
EV-00000364;CT-000691;MAR-0002;bounce;sms;2026-03-13T22:12:25.860615Z
EV-00000424;CT-000327;MAR-0018;open;sms;2026-03-19T15:23:34.206075Z
EV-00000905;CT-000243;MAR-0017;click;sms;2026-03-25T20:14:32.477850Z
EV-00000567;CT-000703;MAR-0012;bounce;sms;2026-03-26T22:19:33.038134Z
EV-00000412;CT-000354;MAR-0015;open;email;2026-03-07T07:09:13.417565Z
EV-00000626;CT-000543;MAR-0002;unsubscribe;sms;2026-04-01T19:41:07.953023Z
EV-00000217;CT-000723;MAR-0015;unsubscribe;email;2026-03-27T15:58:08.679110Z
EV-00000254;CT-000050;MAR-0008;complaint;sms;2026-03-29T15:59:19.455862Z
EV-00000751;CT-000051;MAR-0012;bounce;email;2026-03-10T14:48:09.568819Z
EV-00000335;CT-000481;MAR-0003;complaint;sms;2026-03-03T18:53:04.585645Z
EV-00000429;CT-000830;MAR-0018;click;sms;2026-03-09T05:26:24.355734Z
EV-00000745;CT-000624;MAR-0002;open;email;2026-03-28T16:11:42.045065Z
EV-00000641;CT-000179;MAR-0015;complaint;sms;2026-03-10T20:21:56.365459Z
EV-00000275;CT-000537;MAR-0011;bounce;sms;2026-03-21T10:10:06.444842Z
EV-00000104;CT-000243;MAR-0002;bounce;sms;2026-03-02T19:45:55.452088Z
EV-00000250;CT-000505;MAR-0004;click;sms;2026-03-07T07:07:18.103770Z
EV-00000077;CT-000797;MAR-0003;bounce;sms;2026-03-06T02:32:43.897760Z
EV-00000937;CT-000628;MAR-0002;bounce;sms;2026-03-04T08:12:35.721071Z
EV-00000148;CT-000818;MAR-0013;click;email;2026-03-01T11:49:00.656650Z
EV-00000786;CT-000562;MAR-0005;click;sms;2026-03-24T13:27:44.250198Z
EV-00000810;CT-000084;MAR-0011;bounce;email;2026-03-17T18:19:41.576061Z
EV-00000079;CT-000167;MAR-0009;unsubscribe;email;2026-03-28T07:00:42.641973Z
EV-00000312;CT-000567;MAR-0016;open;email;2026-03-26T10:37:46.394624Z
EV-00000454;CT-000701;MAR-0017;unsubscribe;email;2026-03-16T09:53:15.510851Z
EV-00000415;CT-000736;MAR-0018;click;sms;2026-03-05T21:30:15.758725Z
EV-00000088;CT-000273;MAR-0015;unsubscribe;sms;2026-04-04T20:18:41.668720Z
EV-00000166;CT-000781;MAR-0005;click;sms;2026-03-05T11:20:23.722422Z
EV-00000656;CT-000181;MAR-0012;click;sms;2026-03-31T23:36:42.952757Z
EV-00000688;CT-000703;MAR-0013;unsubscribe;email;2026-03-10T08:27:45.688738Z
EV-00000604;CT-000789;MAR-0018;complaint;sms;2026-03-27T09:32:39.062736Z
EV-00000685;CT-000504;MAR-0009;complaint;email;2026-03-12T15:50:35.222430Z
EV-00000843;CT-000886;MAR-0004;click;sms;2026-04-04T15:18:03.868829Z
EV-00000472;CT-000695;MAR-0009;unsubscribe;email;2026-03-30T04:57:02.530104Z
EV-00000243;CT-000274;MAR-0009;open;sms;2026-03-07T13:24:01.039713Z
EV-00000483;CT-000846;MAR-0017;unsubscribe;email;2026-03-06T09:18:06.264779Z
EV-00000209;CT-000483;MAR-0006;unsubscribe;email;2026-03-07T14:01:23.728752Z
EV-00000575;CT-000522;MAR-0007;unsubscribe;email;2026-03-19T18:57:31.891777Z
EV-00000893;CT-000832;MAR-0010;open;sms;2026-03-03T23:31:32.968390Z
EV-00000504;CT-000868;MAR-0011;unsubscribe;sms;2026-03-30T14:04:57.738769Z
EV-00000236;CT-000767;MAR-0011;open;sms;2026-03-03T03:59:28.433452Z
EV-00000510;CT-000287;MAR-0010;unsubscribe;email;2026-03-31T19:52:22.874858Z
EV-00000303;CT-000224;MAR-0004;complaint;sms;2026-03-26T22:47:15.091160Z
EV-00000391;CT-000165;MAR-0001;click;email;2026-04-04T18:15:05.156412Z
EV-00000007;CT-000656;MAR-0005;unsubscribe;email;2026-03-13T21:40:16.608127Z
EV-00000296;CT-000244;MAR-0018;complaint;email;2026-03-05T10:43:32.641297Z
EV-00000563;CT-000741;MAR-0006;bounce;sms;2026-03-19T20:24:17.414607Z
EV-00000809;CT-000851;MAR-0010;click;sms;2026-03-17T05:30:30.469434Z
EV-00000044;CT-000526;MAR-0004;unsubscribe;email;2026-03-07T04:31:38.807303Z
EV-00000767;CT-000843;MAR-0005;click;email;2026-03-08T05:53:47.583262Z
EV-00000569;CT-000216;MAR-0014;unsubscribe;email;2026-04-01T22:29:26.137034Z
EV-00000742;CT-000819;MAR-0013;complaint;sms;2026-03-07T07:36:21.951152Z
EV-00000876;CT-000161;MAR-0011;bounce;email;2026-03-20T02:58:59.924244Z
EV-00000624;CT-000157;MAR-0002;complaint;email;2026-03-10T17:25:48.707262Z
EV-00000004;CT-000682;MAR-0015;click;sms;2026-03-17T23:41:11.272411Z
EV-00000754;CT-000282;MAR-0007;unsubscribe;sms;2026-03-05T02:20:02.716818Z
EV-00000294;CT-000367;MAR-0012;open;email;2026-03-16T02:28:26.767390Z
EV-00000406;CT-000855;MAR-0006;bounce;sms;2026-03-11T21:03:04.628622Z
EV-00000705;CT-000873;MAR-0008;complaint;sms;2026-03-30T22:37:11.008154Z
EV-00000600;CT-000828;MAR-0007;complaint;email;2026-03-30T21:46:27.661082Z
EV-00000262;CT-000084;MAR-0006;open;email;2026-03-15T01:45:01.540578Z
EV-00000352;CT-000459;MAR-0010;complaint;sms;2026-04-01T20:01:43.825858Z
EV-00000870;CT-000757;MAR-0004;bounce;email;2026-03-21T04:48:50.930641Z
EV-00000061;CT-000121;MAR-0009;open;sms;2026-04-02T02:36:20.634045Z
EV-00000408;CT-000553;MAR-0009;complaint;email;2026-03-01T13:14:58.855385Z
EV-00000672;CT-000822;MAR-0009;unsubscribe;email;2026-03-23T11:41:41.743216Z
EV-00000888;CT-000571;MAR-0012;open;email;2026-04-04T13:30:58.047168Z
EV-00000721;CT-000646;MAR-0002;complaint;email;2026-03-03T01:28:18.911009Z
EV-00000652;CT-000775;MAR-0005;click;email;2026-03-17T08:14:28.596566Z
EV-00000486;CT-000011;MAR-0017;click;email;2026-03-26T08:26:55.463582Z
EV-00000683;CT-000432;MAR-0007;unsubscribe;sms;2026-03-20T02:44:43.975030Z
EV-00000610;CT-000384;MAR-0001;open;sms;2026-03-27T12:24:22.269890Z
EV-00000378;CT-000210;MAR-0016;bounce;sms;2026-04-03T05:59:39.665069Z
EV-00000592;CT-000664;MAR-0013;bounce;email;2026-03-19T04:43:36.332053Z
EV-00000628;CT-000599;MAR-0013;open;email;2026-04-01T15:42:35.925838Z
EV-00000798;CT-000865;MAR-0007;complaint;sms;2026-03-07T14:26:54.185614Z
EV-00000235;CT-000437;MAR-0016;open;email;2026-03-25T09:59:40.232290Z
EV-00000040;CT-000672;MAR-0012;bounce;sms;2026-03-18T17:00:26.940140Z
EV-00000277;CT-000698;MAR-0014;complaint;sms;2026-03-13T11:16:19.609195Z
EV-00000291;CT-000854;MAR-0013;complaint;sms;2026-03-02T21:30:37.235957Z
EV-00000120;CT-000362;MAR-0007;bounce;sms;2026-03-27T01:29:31.600987Z
EV-00000196;CT-000619;MAR-0010;unsubscribe;email;2026-03-22T05:28:00.168175Z
EV-00000822;CT-000809;MAR-0003;click;sms;2026-03-11T17:12:10.104121Z
EV-00000699;CT-000147;MAR-0004;open;sms;2026-03-12T12:59:14.610164Z
EV-00000895;CT-000717;MAR-0011;bounce;sms;2026-04-03T15:50:15.695176Z
EV-00000763;CT-000723;MAR-0016;bounce;email;2026-03-20T14:03:18.688875Z
EV-00000927;CT-000037;MAR-0009;open;sms;2026-03-17T02:25:54.597382Z
EV-00000558;CT-000304;MAR-0013;open;email;2026-03-05T14:26:12.155107Z
EV-00000111;CT-000918;MAR-0014;open;sms;2026-03-07T18:41:42.590738Z
EV-00000830;CT-000101;MAR-0015;unsubscribe;sms;2026-04-03T10:11:28.197917Z
EV-00000332;CT-000062;MAR-0017;bounce;email;2026-03-04T04:27:30.452983Z
EV-00000574;CT-000233;MAR-0018;click;sms;2026-04-03T03:51:05.843847Z
EV-00000675;CT-000516;MAR-0012;complaint;sms;2026-03-07T23:51:39.057459Z
EV-00000398;CT-000461;MAR-0011;complaint;email;2026-03-17T09:14:49.150923Z
EV-00000491;CT-000711;MAR-0004;open;email;2026-03-14T21:33:18.495684Z
EV-00000632;CT-000505;MAR-0009;bounce;sms;2026-03-04T16:05:13.649561Z
EV-00000258;CT-000493;MAR-0013;bounce;sms;2026-03-16T04:06:46.644875Z
EV-00000147;CT-000688;MAR-0001;complaint;sms;2026-03-13T03:17:22.142724Z
EV-00000590;CT-000247;MAR-0015;bounce;email;2026-03-12T17:25:53.559634Z
EV-00000794;CT-000545;MAR-0015;bounce;sms;2026-03-05T09:34:06.599766Z
EV-00000579;CT-000059;MAR-0002;bounce;sms;2026-03-12T06:24:04.177702Z
EV-00000775;CT-000167;MAR-0018;open;email;2026-03-05T09:55:12.757225Z
EV-00000205;CT-000224;MAR-0017;open;email;2026-03-26T10:37:50.145238Z
EV-00000821;CT-000828;MAR-0001;click;sms;2026-03-21T16:00:11.551178Z
EV-00000727;CT-000162;MAR-0011;complaint;email;2026-03-29T20:37:18.159081Z
EV-00000926;CT-000012;MAR-0013;complaint;email;2026-03-20T14:04:17.585680Z
EV-00000435;CT-000802;MAR-0015;complaint;email;2026-03-26T21:33:20.335452Z
EV-00000008;CT-000744;MAR-0018;click;email;2026-03-31T20:49:46.819095Z
EV-00000045;CT-000518;MAR-0018;click;email;2026-03-07T01:19:05.059441Z
EV-00000098;CT-000736;MAR-0002;open;email;2026-03-16T09:35:42.552786Z
EV-00000038;CT-000181;MAR-0011;complaint;email;2026-03-08T13:44:41.420389Z
EV-00000367;CT-000326;MAR-0010;unsubscribe;email;2026-03-30T03:15:43.104419Z
EV-00000690;CT-000344;MAR-0011;complaint;email;2026-03-17T07:07:27.101823Z
EV-00000703;CT-000622;MAR-0008;unsubscribe;email;2026-03-24T22:35:56.487537Z
EV-00000875;CT-000319;MAR-0012;complaint;sms;2026-03-25T08:49:37.007791Z
EV-00000837;CT-000612;MAR-0017;bounce;email;2026-03-08T20:47:02.059239Z
EV-00000660;CT-000582;MAR-0016;open;email;2026-03-16T22:51:52.149100Z
EV-00000710;CT-000708;MAR-0011;unsubscribe;email;2026-03-28T02:12:05.444377Z
EV-00000358;CT-000794;MAR-0002;open;sms;2026-03-18T00:07:01.258456Z
EV-00000768;CT-000239;MAR-0002;unsubscribe;email;2026-03-12T03:05:14.845876Z
EV-00000065;CT-000064;MAR-0017;complaint;sms;2026-03-14T15:29:25.536879Z
EV-00000379;CT-000283;MAR-0005;bounce;email;2026-03-25T05:00:08.647014Z
EV-00000594;CT-000305;MAR-0010;unsubscribe;email;2026-03-16T18:30:11.034191Z
EV-00000293;CT-000180;MAR-0002;open;sms;2026-03-11T04:14:57.310574Z
EV-00000165;CT-000522;MAR-0017;complaint;sms;2026-03-13T21:36:04.737388Z
EV-00000248;CT-000207;MAR-0018;unsubscribe;sms;2026-03-10T08:54:39.436971Z
EV-00000711;CT-000732;MAR-0013;bounce;sms;2026-03-18T06:46:21.604856Z
EV-00000914;CT-000421;MAR-0015;click;sms;2026-03-12T10:55:40.540758Z
EV-00000263;CT-000668;MAR-0003;click;email;2026-03-06T06:08:31.263915Z
EV-00000599;CT-000852;MAR-0017;open;sms;2026-03-02T22:48:50.777645Z
EV-00000039;CT-000412;MAR-0007;bounce;email;2026-03-06T07:56:02.488051Z
EV-00000428;CT-000848;MAR-0015;open;sms;2026-03-09T10:34:15.243579Z
EV-00000017;CT-000490;MAR-0006;complaint;email;2026-03-03T23:43:46.126765Z
EV-00000128;CT-000097;MAR-0017;complaint;email;2026-04-02T14:32:54.566430Z
EV-00000182;CT-000013;MAR-0009;complaint;email;2026-03-23T05:11:54.403868Z
EV-00000824;CT-000586;MAR-0018;unsubscribe;sms;2026-03-25T06:11:58.452776Z
EV-00000557;CT-000763;MAR-0015;open;email;2026-03-31T00:55:36.088339Z
EV-00000010;CT-000165;MAR-0005;bounce;email;2026-03-14T09:05:18.585312Z
EV-00000450;CT-000305;MAR-0012;unsubscribe;email;2026-03-09T03:28:39.699449Z
EV-00000440;CT-000823;MAR-0017;complaint;email;2026-03-11T23:10:04.620136Z
EV-00000940;CT-000641;MAR-0003;click;sms;2026-03-15T11:50:59.009726Z
EV-00000283;CT-000116;MAR-0010;complaint;email;2026-03-10T01:11:15.209508Z
EV-00000083;CT-000078;MAR-0011;unsubscribe;email;2026-03-02T02:48:03.450591Z
EV-00000909;CT-000206;MAR-0007;bounce;sms;2026-04-01T17:06:33.305771Z
EV-00000478;CT-000025;MAR-0012;complaint;email;2026-03-29T00:36:28.478821Z
EV-00000733;CT-000253;MAR-0002;unsubscribe;sms;2026-03-17T13:03:04.904621Z
EV-00000169;CT-000326;MAR-0013;complaint;sms;2026-04-02T11:08:53.036154Z
EV-00000274;CT-000330;MAR-0010;bounce;email;2026-03-10T18:29:55.424735Z
EV-00000118;CT-000235;MAR-0002;click;sms;2026-03-19T00:11:30.139255Z
EV-00000052;CT-000602;MAR-0009;bounce;sms;2026-03-11T05:39:53.456545Z
EV-00000327;CT-000105;MAR-0014;bounce;email;2026-03-20T15:27:28.155574Z
EV-00000002;CT-000477;MAR-0004;complaint;email;2026-03-10T23:38:53.835587Z
EV-00000477;CT-000024;MAR-0008;unsubscribe;sms;2026-03-05T21:14:21.174991Z
EV-00000198;CT-000509;MAR-0007;open;sms;2026-03-11T16:45:15.024616Z
EV-00000849;CT-000844;MAR-0013;click;sms;2026-03-30T03:18:51.219797Z
EV-00000224;CT-000138;MAR-0018;unsubscribe;sms;2026-04-02T10:25:30.695207Z
EV-00000084;CT-000461;MAR-0008;open;email;2026-03-06T15:44:27.907671Z
EV-00000247;CT-000372;MAR-0001;open;sms;2026-03-03T01:48:48.863453Z
EV-00000124;CT-000072;MAR-0013;bounce;email;2026-03-23T13:45:59.952390Z
EV-00000936;CT-000564;MAR-0007;bounce;email;2026-03-05T13:56:38.138076Z
EV-00000611;CT-000109;MAR-0006;unsubscribe;email;2026-03-09T13:33:06.400027Z
EV-00000244;CT-000026;MAR-0006;unsubscribe;sms;2026-04-01T00:01:42.641946Z
EV-00000465;CT-000830;MAR-0001;click;email;2026-03-21T13:56:33.222480Z
EV-00000459;CT-000554;MAR-0011;unsubscribe;email;2026-04-02T04:23:10.094624Z
EV-00000878;CT-000052;MAR-0016;unsubscribe;email;2026-03-30T18:47:07.244708Z
EV-00000538;CT-000290;MAR-0008;bounce;sms;2026-03-30T02:44:37.672128Z
EV-00000593;CT-000229;MAR-0016;open;sms;2026-03-13T09:20:44.167003Z
EV-00000032;CT-000213;MAR-0010;complaint;sms;2026-03-11T01:54:52.104216Z
EV-00000918;CT-000276;MAR-0012;complaint;sms;2026-04-03T18:22:29.513394Z
EV-00000218;CT-000728;MAR-0005;click;email;2026-03-08T13:40:47.284810Z
EV-00000877;CT-000421;MAR-0007;open;email;2026-03-29T02:17:07.502397Z
EV-00000393;CT-000022;MAR-0009;complaint;email;2026-03-19T09:24:03.385947Z
EV-00000709;CT-000335;MAR-0006;bounce;email;2026-03-21T09:35:17.894347Z
EV-00000666;CT-000760;MAR-0010;click;sms;2026-03-10T03:03:38.961833Z
EV-00000431;CT-000602;MAR-0005;unsubscribe;sms;2026-03-05T14:13:55.668841Z
EV-00000649;CT-000186;MAR-0016;bounce;email;2026-03-20T08:21:07.782845Z
EV-00000467;CT-000403;MAR-0015;open;email;2026-03-14T01:45:23.091895Z
EV-00000365;CT-000188;MAR-0017;click;sms;2026-03-21T02:27:13.598367Z
EV-00000568;CT-000624;MAR-0006;complaint;email;2026-03-30T01:18:22.008757Z
EV-00000426;CT-000462;MAR-0009;open;sms;2026-03-05T08:42:01.101295Z
EV-00000846;CT-000581;MAR-0005;complaint;sms;2026-04-03T03:05:48.197760Z
EV-00000650;CT-000809;MAR-0017;bounce;sms;2026-03-19T14:15:32.317882Z
EV-00000348;CT-000255;MAR-0002;complaint;sms;2026-03-27T19:45:27.299956Z
EV-00000489;CT-000401;MAR-0011;unsubscribe;email;2026-04-01T22:33:25.775251Z
EV-00000056;CT-000283;MAR-0005;click;sms;2026-03-04T08:53:27.488139Z
EV-00000580;CT-000003;MAR-0016;unsubscribe;email;2026-03-15T15:55:20.008614Z
EV-00000011;CT-000172;MAR-0017;bounce;email;2026-03-19T00:08:41.000676Z
EV-00000508;CT-000696;MAR-0016;open;email;2026-03-27T11:55:10.687562Z
EV-00000109;CT-000438;MAR-0011;complaint;email;2026-03-14T02:58:08.408016Z
EV-00000091;CT-000454;MAR-0001;click;sms;2026-03-15T20:44:45.361841Z
EV-00000298;CT-000045;MAR-0003;unsubscribe;sms;2026-03-22T16:02:33.190560Z
EV-00000901;CT-000741;MAR-0011;complaint;email;2026-03-23T01:20:12.759392Z
EV-00000712;CT-000830;MAR-0007;complaint;sms;2026-03-19T11:21:29.513697Z
EV-00000677;CT-000895;MAR-0005;bounce;sms;2026-03-10T07:16:07.036205Z
EV-00000142;CT-000180;MAR-0015;complaint;sms;2026-04-03T01:53:48.730496Z
EV-00000443;CT-000067;MAR-0005;bounce;email;2026-03-15T07:23:07.560074Z
EV-00000179;CT-000651;MAR-0011;open;sms;2026-03-02T08:45:24.294524Z
EV-00000319;CT-000309;MAR-0001;unsubscribe;sms;2026-03-02T11:24:23.110082Z
EV-00000099;CT-000736;MAR-0001;click;email;2026-03-15T11:54:39.684159Z
EV-00000308;CT-000470;MAR-0012;bounce;email;2026-03-17T00:30:37.779887Z
EV-00000832;CT-000072;MAR-0017;unsubscribe;sms;2026-03-15T03:12:10.073823Z
EV-00000805;CT-000225;MAR-0010;bounce;sms;2026-03-21T05:39:29.847469Z
EV-00000315;CT-000826;MAR-0011;click;sms;2026-03-08T19:57:44.660168Z
EV-00000691;CT-000879;MAR-0009;complaint;email;2026-03-09T05:03:39.226956Z
EV-00000341;CT-000850;MAR-0014;unsubscribe;sms;2026-03-30T23:25:46.902511Z
EV-00000064;CT-000151;MAR-0012;complaint;sms;2026-03-19T12:39:23.753976Z
EV-00000457;CT-000864;MAR-0017;bounce;email;2026-03-04T18:46:01.664715Z
EV-00000313;CT-000413;MAR-0013;bounce;sms;2026-03-05T20:20:20.975389Z
EV-00000159;CT-000778;MAR-0007;complaint;email;2026-03-05T06:50:57.542034Z
EV-00000392;CT-000689;MAR-0012;click;email;2026-04-02T04:52:10.963779Z
EV-00000787;CT-000914;MAR-0007;open;sms;2026-03-16T00:43:37.460826Z
EV-00000554;CT-000115;MAR-0003;open;email;2026-03-21T08:27:29.528468Z
EV-00000515;CT-000230;MAR-0008;click;sms;2026-04-01T16:58:55.842316Z
EV-00000095;CT-000653;MAR-0016;complaint;email;2026-03-19T20:49:58.483097Z
EV-00000360;CT-000906;MAR-0005;click;email;2026-03-30T09:42:04.516751Z
EV-00000097;CT-000242;MAR-0009;bounce;email;2026-03-18T16:53:11.214384Z
EV-00000494;CT-000574;MAR-0017;click;email;2026-03-29T09:42:49.569969Z
EV-00000607;CT-000755;MAR-0013;open;sms;2026-03-07T08:46:49.236266Z
EV-00000582;CT-000588;MAR-0011;click;email;2026-03-04T21:15:38.273837Z
EV-00000887;CT-000629;MAR-0018;open;sms;2026-04-01T18:58:36.951511Z
EV-00000636;CT-000085;MAR-0015;complaint;email;2026-04-01T08:12:40.472116Z
EV-00000476;CT-000855;MAR-0002;click;sms;2026-03-24T12:23:49.782220Z
EV-00000802;CT-000205;MAR-0001;open;email;2026-03-22T13:18:21.511533Z
EV-00000555;CT-000285;MAR-0002;unsubscribe;sms;2026-03-07T16:22:32.515109Z
EV-00000898;CT-000211;MAR-0011;bounce;email;2026-03-25T13:38:44.498019Z
EV-00000509;CT-000810;MAR-0014;unsubscribe;sms;2026-03-07T10:06:27.786042Z
EV-00000757;CT-000631;MAR-0009;open;sms;2026-03-12T19:43:37.254332Z
EV-00000389;CT-000679;MAR-0008;complaint;email;2026-03-07T08:44:29.002885Z
EV-00000177;CT-000086;MAR-0007;bounce;email;2026-03-16T17:07:05.212163Z
EV-00000748;CT-000770;MAR-0004;open;email;2026-03-20T10:13:53.393011Z
EV-00000613;CT-000599;MAR-0002;click;sms;2026-04-04T22:42:49.708605Z
EV-00000414;CT-000041;MAR-0016;unsubscribe;sms;2026-03-03T11:56:14.745054Z
EV-00000679;CT-000344;MAR-0018;unsubscribe;sms;2026-03-28T20:32:41.524032Z
EV-00000042;CT-000909;MAR-0004;bounce;email;2026-03-15T08:08:36.074447Z
EV-00000018;CT-000687;MAR-0001;click;email;2026-03-15T06:41:30.431767Z
EV-00000556;CT-000767;MAR-0011;bounce;email;2026-03-13T21:17:05.164304Z
EV-00000396;CT-000269;MAR-0015;unsubscribe;sms;2026-03-04T16:16:37.633691Z
EV-00000861;CT-000646;MAR-0007;complaint;email;2026-03-25T12:08:24.275917Z
EV-00000447;CT-000532;MAR-0011;bounce;email;2026-03-27T03:50:48.337412Z
EV-00000437;CT-000224;MAR-0010;click;sms;2026-03-09T10:19:55.794590Z
EV-00000067;CT-000034;MAR-0014;unsubscribe;email;2026-03-09T07:42:31.950055Z
EV-00000074;CT-000047;MAR-0005;unsubscribe;email;2026-03-04T15:35:26.727622Z
EV-00000617;CT-000203;MAR-0017;complaint;sms;2026-03-09T18:26:33.477641Z
EV-00000129;CT-000702;MAR-0012;open;email;2026-03-25T17:29:40.135321Z
EV-00000043;CT-000365;MAR-0015;click;email;2026-03-14T07:45:59.661022Z
EV-00000270;CT-000113;MAR-0008;unsubscribe;email;2026-03-20T07:22:39.922560Z
EV-00000545;CT-000590;MAR-0003;bounce;sms;2026-03-09T20:51:43.757044Z
EV-00000684;CT-000689;MAR-0005;unsubscribe;email;2026-03-21T13:37:33.835522Z
EV-00000765;CT-000723;MAR-0016;click;email;2026-03-20T16:12:22.081753Z
EV-00000093;CT-000699;MAR-0012;complaint;sms;2026-03-21T15:59:05.171345Z
EV-00000848;CT-000568;MAR-0002;click;sms;2026-03-29T00:12:46.976719Z
EV-00000827;CT-000794;MAR-0006;bounce;sms;2026-03-03T07:28:15.404554Z
EV-00000331;CT-000918;MAR-0003;open;email;2026-03-05T04:57:42.962889Z
EV-00000320;CT-000073;MAR-0009;click;email;2026-03-26T01:49:29.324419Z
EV-00000175;CT-000908;MAR-0013;click;sms;2026-03-12T15:39:02.433640Z
EV-00000185;CT-000713;MAR-0001;bounce;sms;2026-03-20T22:59:59.878142Z
EV-00000307;CT-000546;MAR-0006;open;email;2026-03-05T17:36:03.991579Z
EV-00000598;CT-000016;MAR-0011;click;email;2026-03-05T09:14:12.006026Z
EV-00000682;CT-000132;MAR-0016;unsubscribe;email;2026-03-09T23:47:42.296310Z
EV-00000192;CT-000198;MAR-0007;click;sms;2026-03-01T17:43:06.048247Z
EV-00000397;CT-000201;MAR-0001;unsubscribe;sms;2026-03-17T01:22:12.299736Z
EV-00000187;CT-000331;MAR-0018;open;email;2026-04-01T13:08:35.995979Z
EV-00000807;CT-000905;MAR-0002;click;email;2026-04-03T12:53:53.155651Z
EV-00000090;CT-000652;MAR-0012;open;sms;2026-03-31T17:27:03.339194Z
EV-00000127;CT-000257;MAR-0016;unsubscribe;email;2026-03-28T16:44:06.964729Z
EV-00000323;CT-000738;MAR-0009;click;sms;2026-03-15T14:44:55.376427Z
EV-00000342;CT-000382;MAR-0008;complaint;sms;2026-03-27T02:27:03.520672Z
EV-00000249;CT-000884;MAR-0010;bounce;sms;2026-03-02T19:01:29.459250Z
EV-00000013;CT-000447;MAR-0017;bounce;sms;2026-03-28T13:40:40.771955Z
EV-00000791;CT-000108;MAR-0014;unsubscribe;sms;2026-03-26T10:11:09.912809Z
EV-00000253;CT-000611;MAR-0014;bounce;sms;2026-03-31T09:54:31.405842Z
EV-00000497;CT-000734;MAR-0003;open;sms;2026-03-19T16:31:21.856575Z
EV-00000678;CT-000876;MAR-0011;complaint;email;2026-03-14T17:09:15.878658Z
EV-00000286;CT-000387;MAR-0003;complaint;email;2026-03-25T10:50:41.581817Z
EV-00000066;CT-000051;MAR-0001;unsubscribe;email;2026-03-13T23:04:39.213594Z
EV-00000446;CT-000227;MAR-0007;bounce;sms;2026-04-03T11:59:40.101429Z
EV-00000804;CT-000517;MAR-0006;click;email;2026-03-17T06:04:40.034566Z
EV-00000907;CT-000660;MAR-0006;open;sms;2026-03-07T00:57:27.350066Z
EV-00000281;CT-000065;MAR-0014;unsubscribe;sms;2026-03-15T21:33:20.681346Z
EV-00000732;CT-000639;MAR-0016;click;sms;2026-03-15T19:10:41.778657Z
EV-00000687;CT-000691;MAR-0007;bounce;sms;2026-04-03T00:20:59.536631Z
EV-00000069;CT-000238;MAR-0010;open;sms;2026-03-31T02:39:27.735923Z
EV-00000003;CT-000791;MAR-0015;complaint;email;2026-03-28T07:41:53.520279Z
EV-00000931;CT-000259;MAR-0005;complaint;sms;2026-03-17T19:52:39.671074Z
EV-00000273;CT-000672;MAR-0003;complaint;email;2026-03-14T22:55:51.765063Z
EV-00000145;CT-000661;MAR-0006;open;sms;2026-03-05T16:39:51.949607Z
EV-00000381;CT-000705;MAR-0005;click;email;2026-03-14T18:13:07.000992Z
EV-00000257;CT-000808;MAR-0002;open;email;2026-03-11T18:19:44.260163Z
EV-00000302;CT-000852;MAR-0016;bounce;sms;2026-04-04T18:52:25.030408Z
EV-00000717;CT-000559;MAR-0012;open;sms;2026-03-08T20:51:49.601567Z
EV-00000068;CT-000199;MAR-0009;unsubscribe;email;2026-03-09T22:09:26.713368Z
EV-00000816;CT-000553;MAR-0005;bounce;email;2026-03-15T21:31:19.253413Z
EV-00000444;CT-000892;MAR-0014;open;sms;2026-03-27T17:34:50.712216Z
EV-00000012;CT-000128;MAR-0008;click;email;2026-03-19T19:28:12.216450Z
EV-00000103;CT-000415;MAR-0008;unsubscribe;sms;2026-04-05T00:27:18.471632Z
EV-00000752;CT-000664;MAR-0003;open;email;2026-03-31T01:40:25.019584Z
EV-00000139;CT-000100;MAR-0008;bounce;sms;2026-03-01T13:47:06.727992Z
EV-00000572;CT-000638;MAR-0013;bounce;email;2026-03-11T01:45:48.389182Z
EV-00000143;CT-000404;MAR-0006;unsubscribe;email;2026-03-02T07:39:53.290685Z
EV-00000939;CT-000742;MAR-0015;complaint;email;2026-03-11T13:07:36.622861Z
EV-00000589;CT-000630;MAR-0012;bounce;email;2026-04-03T18:39:15.744605Z
EV-00000153;CT-000006;MAR-0006;complaint;email;2026-03-17T12:12:23.697007Z
EV-00000772;CT-000142;MAR-0011;open;email;2026-03-16T14:36:59.512374Z
EV-00000278;CT-000215;MAR-0003;unsubscribe;sms;2026-03-10T13:46:48.603273Z
EV-00000530;CT-000055;MAR-0007;complaint;email;2026-04-01T05:30:52.074112Z
EV-00000783;CT-000577;MAR-0002;complaint;email;2026-03-24T02:42:11.932797Z
EV-00000670;CT-000692;MAR-0012;complaint;email;2026-03-12T15:16:36.272158Z
EV-00000795;CT-000610;MAR-0014;click;sms;2026-03-19T00:24:42.782147Z
EV-00000716;CT-000867;MAR-0001;unsubscribe;sms;2026-03-27T14:07:27.259468Z
EV-00000206;CT-000334;MAR-0009;open;sms;2026-03-30T16:38:12.937761Z
EV-00000385;CT-000656;MAR-0006;unsubscribe;sms;2026-03-16T13:29:34.810924Z
EV-00000586;CT-000498;MAR-0005;click;email;2026-03-07T22:05:14.658472Z
EV-00000648;CT-000865;MAR-0018;bounce;email;2026-03-05T12:37:01.692891Z
EV-00000889;CT-000741;MAR-0005;bounce;email;2026-03-05T12:36:48.365688Z
EV-00000285;CT-000136;MAR-0014;complaint;sms;2026-03-16T20:39:49.527156Z
EV-00000788;CT-000025;MAR-0017;unsubscribe;email;2026-04-03T21:42:59.250912Z
EV-00000512;CT-000182;MAR-0010;unsubscribe;sms;2026-03-04T10:42:56.443611Z
EV-00000034;CT-000203;MAR-0015;unsubscribe;sms;2026-03-26T00:05:39.910699Z
EV-00000564;CT-000632;MAR-0010;open;email;2026-04-01T05:40:01.898215Z
EV-00000300;CT-000573;MAR-0006;open;sms;2026-03-26T04:16:28.749716Z
EV-00000616;CT-000140;MAR-0003;complaint;email;2026-03-03T02:58:25.517819Z
EV-00000305;CT-000125;MAR-0007;open;email;2026-03-29T22:19:09.605356Z
EV-00000615;CT-000583;MAR-0010;click;email;2026-03-12T09:08:15.164244Z
EV-00000419;CT-000716;MAR-0013;unsubscribe;email;2026-03-13T08:05:39.173658Z
EV-00000029;CT-000720;MAR-0007;click;sms;2026-04-01T01:36:46.040224Z
EV-00000448;CT-000132;MAR-0009;click;email;2026-03-31T14:33:49.151060Z
